"","Year","Month","SettlementPoint","AveragePrice"
"1",2016,1,"HB_BUSAVG",19.2093010752688
"2",2016,1,"HB_HOUSTON",19.5657258064516
"3",2016,1,"HB_HUBAVG",19.2586962365591
"4",2016,1,"HB_NORTH",19.1333064516129
"5",2016,1,"HB_SOUTH",19.2100537634409
"6",2016,1,"HB_WEST",19.1265591397849
"7",2016,1,"LZ_AEN",19.3246639784946
"8",2016,1,"LZ_CPS",19.3538440860215
"9",2016,1,"LZ_HOUSTON",19.563938172043
"10",2016,1,"LZ_LCRA",19.3174596774194
"11",2016,1,"LZ_NORTH",19.187997311828
"12",2016,1,"LZ_RAYBN",19.4479435483871
"13",2016,1,"LZ_SOUTH",19.4817204301075
"14",2016,1,"LZ_WEST",19.5192607526882
"15",2016,2,"HB_BUSAVG",15.2882471264368
"16",2016,2,"HB_HOUSTON",15.4645402298851
"17",2016,2,"HB_HUBAVG",15.2692528735632
"18",2016,2,"HB_NORTH",15.292658045977
"19",2016,2,"HB_SOUTH",15.333591954023
"20",2016,2,"HB_WEST",14.9886637931034
"21",2016,2,"LZ_AEN",15.4482902298851
"22",2016,2,"LZ_CPS",15.5200143678161
"23",2016,2,"LZ_HOUSTON",15.4879885057471
"24",2016,2,"LZ_LCRA",15.4885488505747
"25",2016,2,"LZ_NORTH",15.4622126436782
"26",2016,2,"LZ_RAYBN",15.4004310344828
"27",2016,2,"LZ_SOUTH",15.9358620689655
"28",2016,2,"LZ_WEST",15.0444827586207
"29",2016,3,"HB_BUSAVG",16.7556258411844
"30",2016,3,"HB_HOUSTON",17.1249528936743
"31",2016,3,"HB_HUBAVG",16.6543472409152
"32",2016,3,"HB_NORTH",16.8593674293405
"33",2016,3,"HB_SOUTH",16.7631090174966
"34",2016,3,"HB_WEST",15.871668909825
"35",2016,3,"LZ_AEN",16.8550740242261
"36",2016,3,"LZ_CPS",16.8981830417227
"37",2016,3,"LZ_HOUSTON",17.2067294751009
"38",2016,3,"LZ_LCRA",16.7962987886945
"39",2016,3,"LZ_NORTH",17.4615074024226
"40",2016,3,"LZ_RAYBN",17.1172409152086
"41",2016,3,"LZ_SOUTH",19.5211440107672
"42",2016,3,"LZ_WEST",16.0026514131898
"43",2016,4,"HB_BUSAVG",18.2893472222222
"44",2016,4,"HB_HOUSTON",18.9409583333333
"45",2016,4,"HB_HUBAVG",18.1668611111111
"46",2016,4,"HB_NORTH",18.3506666666667
"47",2016,4,"HB_SOUTH",18.5129027777778
"48",2016,4,"HB_WEST",16.86275
"49",2016,4,"LZ_AEN",18.2560694444444
"50",2016,4,"LZ_CPS",19.0693611111111
"51",2016,4,"LZ_HOUSTON",19.1289305555556
"52",2016,4,"LZ_LCRA",18.3927083333333
"53",2016,4,"LZ_NORTH",19.0876388888889
"54",2016,4,"LZ_RAYBN",18.8553611111111
"55",2016,4,"LZ_SOUTH",20.738
"56",2016,4,"LZ_WEST",17.1536666666667
"57",2016,5,"HB_BUSAVG",18.1595833333333
"58",2016,5,"HB_HOUSTON",19.1740860215054
"59",2016,5,"HB_HUBAVG",18.247002688172
"60",2016,5,"HB_NORTH",17.9056317204301
"61",2016,5,"HB_SOUTH",18.5704569892473
"62",2016,5,"HB_WEST",17.3376747311828
"63",2016,5,"LZ_AEN",18.1249059139785
"64",2016,5,"LZ_CPS",18.4798655913979
"65",2016,5,"LZ_HOUSTON",19.9039919354839
"66",2016,5,"LZ_LCRA",18.1827822580645
"67",2016,5,"LZ_NORTH",18.1828897849462
"68",2016,5,"LZ_RAYBN",18.3209946236559
"69",2016,5,"LZ_SOUTH",20.691747311828
"70",2016,5,"LZ_WEST",17.7375268817204
"71",2016,6,"HB_BUSAVG",23.9098194444444
"72",2016,6,"HB_HOUSTON",26.2557361111111
"73",2016,6,"HB_HUBAVG",24.2978472222222
"74",2016,6,"HB_NORTH",23.1580555555556
"75",2016,6,"HB_SOUTH",24.645375
"76",2016,6,"HB_WEST",23.1419305555556
"77",2016,6,"LZ_AEN",24.2375138888889
"78",2016,6,"LZ_CPS",24.9580694444444
"79",2016,6,"LZ_HOUSTON",29.9150833333333
"80",2016,6,"LZ_LCRA",24.1644166666667
"81",2016,6,"LZ_NORTH",23.5626805555556
"82",2016,6,"LZ_RAYBN",23.3159444444444
"83",2016,6,"LZ_SOUTH",27.4716527777778
"84",2016,6,"LZ_WEST",23.4887638888889
"85",2016,7,"HB_BUSAVG",27.1874731182796
"86",2016,7,"HB_HOUSTON",29.5389247311828
"87",2016,7,"HB_HUBAVG",27.4592069892473
"88",2016,7,"HB_NORTH",26.8007930107527
"89",2016,7,"HB_SOUTH",26.9602553763441
"90",2016,7,"HB_WEST",26.543561827957
"91",2016,7,"LZ_AEN",27.9761021505376
"92",2016,7,"LZ_CPS",27.9679569892473
"93",2016,7,"LZ_HOUSTON",29.9118682795699
"94",2016,7,"LZ_LCRA",27.5922177419355
"95",2016,7,"LZ_NORTH",27.4157795698925
"96",2016,7,"LZ_RAYBN",27.4710752688172
"97",2016,7,"LZ_SOUTH",28.8895833333333
"98",2016,7,"LZ_WEST",27.1787903225806
"99",2016,8,"HB_BUSAVG",30.5671370967742
"100",2016,8,"HB_HOUSTON",32.9725403225806
"101",2016,8,"HB_HUBAVG",30.9485349462366
"102",2016,8,"HB_NORTH",29.8283870967742
"103",2016,8,"HB_SOUTH",31.2079704301075
"104",2016,8,"HB_WEST",29.7867338709677
"105",2016,8,"LZ_AEN",30.6995161290323
"106",2016,8,"LZ_CPS",31.3065725806452
"107",2016,8,"LZ_HOUSTON",33.5635483870968
"108",2016,8,"LZ_LCRA",31.1755779569892
"109",2016,8,"LZ_NORTH",30.1485752688172
"110",2016,8,"LZ_RAYBN",30.1497580645161
"111",2016,8,"LZ_SOUTH",31.8233064516129
"112",2016,8,"LZ_WEST",30.010564516129
"113",2016,9,"HB_BUSAVG",26.86175
"114",2016,9,"HB_HOUSTON",28.7424166666667
"115",2016,9,"HB_HUBAVG",27.1881388888889
"116",2016,9,"HB_NORTH",26.2491805555556
"117",2016,9,"HB_SOUTH",27.4055694444444
"118",2016,9,"HB_WEST",26.35425
"119",2016,9,"LZ_AEN",26.7108611111111
"120",2016,9,"LZ_CPS",28.13025
"121",2016,9,"LZ_HOUSTON",29.0326805555556
"122",2016,9,"LZ_LCRA",27.0399444444444
"123",2016,9,"LZ_NORTH",26.6058611111111
"124",2016,9,"LZ_RAYBN",26.4702638888889
"125",2016,9,"LZ_SOUTH",28.7620138888889
"126",2016,9,"LZ_WEST",26.7676666666667
"127",2016,10,"HB_BUSAVG",25.2048387096774
"128",2016,10,"HB_HOUSTON",28.2495564516129
"129",2016,10,"HB_HUBAVG",25.7690591397849
"130",2016,10,"HB_NORTH",24.0052553763441
"131",2016,10,"HB_SOUTH",26.6896639784946
"132",2016,10,"HB_WEST",24.113938172043
"133",2016,10,"LZ_AEN",25.6229032258064
"134",2016,10,"LZ_CPS",26.2502956989247
"135",2016,10,"LZ_HOUSTON",28.5458198924731
"136",2016,10,"LZ_LCRA",26.0684408602151
"137",2016,10,"LZ_NORTH",24.5326612903226
"138",2016,10,"LZ_RAYBN",24.4525134408602
"139",2016,10,"LZ_SOUTH",30.0310349462366
"140",2016,10,"LZ_WEST",25.1822580645161
"141",2016,11,"HB_BUSAVG",19.2449027777778
"142",2016,11,"HB_HOUSTON",20.3659305555556
"143",2016,11,"HB_HUBAVG",19.4893055555556
"144",2016,11,"HB_NORTH",18.6648888888889
"145",2016,11,"HB_SOUTH",20.1488333333333
"146",2016,11,"HB_WEST",18.7784166666667
"147",2016,11,"LZ_AEN",19.6400416666667
"148",2016,11,"LZ_CPS",21.7146666666667
"149",2016,11,"LZ_HOUSTON",20.4376805555556
"150",2016,11,"LZ_LCRA",19.5416805555556
"151",2016,11,"LZ_NORTH",18.8305138888889
"152",2016,11,"LZ_RAYBN",18.8753194444444
"153",2016,11,"LZ_SOUTH",20.6333888888889
"154",2016,11,"LZ_WEST",19.3431388888889
"155",2016,12,"HB_BUSAVG",25.3183064516129
"156",2016,12,"HB_HOUSTON",25.7276612903226
"157",2016,12,"HB_HUBAVG",25.3625940860215
"158",2016,12,"HB_NORTH",25.1490456989247
"159",2016,12,"HB_SOUTH",25.7089919354839
"160",2016,12,"HB_WEST",24.8626612903226
"161",2016,12,"LZ_AEN",25.8701747311828
"162",2016,12,"LZ_CPS",26.5964247311828
"163",2016,12,"LZ_HOUSTON",25.7368413978495
"164",2016,12,"LZ_LCRA",25.487876344086
"165",2016,12,"LZ_NORTH",25.28625
"166",2016,12,"LZ_RAYBN",25.3195564516129
"167",2016,12,"LZ_SOUTH",26.3268413978495
"168",2016,12,"LZ_WEST",25.1658198924731
"169",2017,1,"HB_BUSAVG",23.2527822580645
"170",2017,1,"HB_HOUSTON",24.7818548387097
"171",2017,1,"HB_HUBAVG",23.3255510752688
"172",2017,1,"HB_NORTH",22.9918548387097
"173",2017,1,"HB_SOUTH",23.624811827957
"174",2017,1,"HB_WEST",21.9017204301075
"175",2017,1,"LZ_AEN",23.4044758064516
"176",2017,1,"LZ_CPS",23.7725672043011
"177",2017,1,"LZ_HOUSTON",24.8273655913979
"178",2017,1,"LZ_LCRA",23.4362768817204
"179",2017,1,"LZ_NORTH",23.6030241935484
"180",2017,1,"LZ_RAYBN",23.3901075268817
"181",2017,1,"LZ_SOUTH",25.1554838709677
"182",2017,1,"LZ_WEST",23.2313709677419
"183",2017,2,"HB_BUSAVG",20.1178273809524
"184",2017,2,"HB_HOUSTON",23.2657142857143
"185",2017,2,"HB_HUBAVG",20.3521279761905
"186",2017,2,"HB_NORTH",19.4481994047619
"187",2017,2,"HB_SOUTH",21.0793601190476
"188",2017,2,"HB_WEST",17.616681547619
"189",2017,2,"LZ_AEN",20.6053273809524
"190",2017,2,"LZ_CPS",20.9194791666667
"191",2017,2,"LZ_HOUSTON",23.5172172619048
"192",2017,2,"LZ_LCRA",20.660818452381
"193",2017,2,"LZ_NORTH",19.5500148809524
"194",2017,2,"LZ_RAYBN",20.3691517857143
"195",2017,2,"LZ_SOUTH",21.7936904761905
"196",2017,2,"LZ_WEST",18.4770535714286
"197",2017,3,"HB_BUSAVG",22.5698923283984
"198",2017,3,"HB_HOUSTON",28.2132974427995
"199",2017,3,"HB_HUBAVG",23.2332301480485
"200",2017,3,"HB_NORTH",21.2277792732167
"201",2017,3,"HB_SOUTH",23.6807537012113
"202",2017,3,"HB_WEST",19.8135935397039
"203",2017,3,"LZ_AEN",22.9970121130552
"204",2017,3,"LZ_CPS",23.8615477792732
"205",2017,3,"LZ_HOUSTON",28.7420053835801
"206",2017,3,"LZ_LCRA",23.437133243607
"207",2017,3,"LZ_NORTH",21.8394078061911
"208",2017,3,"LZ_RAYBN",21.9071601615074
"209",2017,3,"LZ_SOUTH",26.5282099596232
"210",2017,3,"LZ_WEST",20.251197846568
"211",2017,4,"HB_BUSAVG",23.7050833333333
"212",2017,4,"HB_HOUSTON",32.2957361111111
"213",2017,4,"HB_HUBAVG",24.8304861111111
"214",2017,4,"HB_NORTH",21.4105555555556
"215",2017,4,"HB_SOUTH",25.6094027777778
"216",2017,4,"HB_WEST",19.9960972222222
"217",2017,4,"LZ_AEN",24.1180833333333
"218",2017,4,"LZ_CPS",25.3379027777778
"219",2017,4,"LZ_HOUSTON",32.9670694444444
"220",2017,4,"LZ_LCRA",24.4774166666667
"221",2017,4,"LZ_NORTH",21.9758055555556
"222",2017,4,"LZ_RAYBN",22.2134305555556
"223",2017,4,"LZ_SOUTH",28.5498888888889
"224",2017,4,"LZ_WEST",20.3885694444444
"225",2017,5,"HB_BUSAVG",25.0873521505376
"226",2017,5,"HB_HOUSTON",31.5331720430108
"227",2017,5,"HB_HUBAVG",25.9050268817204
"228",2017,5,"HB_NORTH",23.4199193548387
"229",2017,5,"HB_SOUTH",26.4950134408602
"230",2017,5,"HB_WEST",22.1666129032258
"231",2017,5,"LZ_AEN",25.2938440860215
"232",2017,5,"LZ_CPS",26.5370295698925
"233",2017,5,"LZ_HOUSTON",32.3626478494624
"234",2017,5,"LZ_LCRA",25.6379569892473
"235",2017,5,"LZ_NORTH",24.5575134408602
"236",2017,5,"LZ_RAYBN",24.0013306451613
"237",2017,5,"LZ_SOUTH",29.9797311827957
"238",2017,5,"LZ_WEST",22.8677956989247
"239",2017,6,"HB_BUSAVG",27.6691527777778
"240",2017,6,"HB_HOUSTON",33.1683472222222
"241",2017,6,"HB_HUBAVG",28.5138472222222
"242",2017,6,"HB_NORTH",25.8905694444444
"243",2017,6,"HB_SOUTH",29.6546944444444
"244",2017,6,"HB_WEST",25.3316944444444
"245",2017,6,"LZ_AEN",27.9166388888889
"246",2017,6,"LZ_CPS",30.416
"247",2017,6,"LZ_HOUSTON",33.6689166666667
"248",2017,6,"LZ_LCRA",28.6390833333333
"249",2017,6,"LZ_NORTH",26.8937361111111
"250",2017,6,"LZ_RAYBN",26.1250416666667
"251",2017,6,"LZ_SOUTH",36.7834444444444
"252",2017,6,"LZ_WEST",27.5123194444444
"253",2017,7,"HB_BUSAVG",31.4542741935484
"254",2017,7,"HB_HOUSTON",34.3758333333333
"255",2017,7,"HB_HUBAVG",31.8644086021505
"256",2017,7,"HB_NORTH",30.654314516129
"257",2017,7,"HB_SOUTH",32.1294623655914
"258",2017,7,"HB_WEST",30.2936424731183
"259",2017,7,"LZ_AEN",31.401438172043
"260",2017,7,"LZ_CPS",32.1152956989247
"261",2017,7,"LZ_HOUSTON",34.7258333333333
"262",2017,7,"LZ_LCRA",31.9057123655914
"263",2017,7,"LZ_NORTH",31.1868413978495
"264",2017,7,"LZ_RAYBN",30.760497311828
"265",2017,7,"LZ_SOUTH",34.1932930107527
"266",2017,7,"LZ_WEST",31.1301747311828
"267",2017,8,"HB_BUSAVG",27.5070161290323
"268",2017,8,"HB_HOUSTON",29.4017204301075
"269",2017,8,"HB_HUBAVG",27.8386155913979
"270",2017,8,"HB_NORTH",26.8327284946237
"271",2017,8,"HB_SOUTH",28.3150268817204
"272",2017,8,"HB_WEST",26.8170430107527
"273",2017,8,"LZ_AEN",27.4656182795699
"274",2017,8,"LZ_CPS",28.1375672043011
"275",2017,8,"LZ_HOUSTON",30.0314784946237
"276",2017,8,"LZ_LCRA",27.6780107526882
"277",2017,8,"LZ_NORTH",27.0603629032258
"278",2017,8,"LZ_RAYBN",26.8248252688172
"279",2017,8,"LZ_SOUTH",33.4578494623656
"280",2017,8,"LZ_WEST",27.2139112903226
"281",2017,9,"HB_BUSAVG",24.1841666666667
"282",2017,9,"HB_HOUSTON",26.5429444444444
"283",2017,9,"HB_HUBAVG",24.5196944444444
"284",2017,9,"HB_NORTH",23.3461111111111
"285",2017,9,"HB_SOUTH",25.5150972222222
"286",2017,9,"HB_WEST",22.6788194444444
"287",2017,9,"LZ_AEN",24.6288055555556
"288",2017,9,"LZ_CPS",25.1366527777778
"289",2017,9,"LZ_HOUSTON",27.4100277777778
"290",2017,9,"LZ_LCRA",24.8134305555556
"291",2017,9,"LZ_NORTH",23.9684027777778
"292",2017,9,"LZ_RAYBN",23.5356805555556
"293",2017,9,"LZ_SOUTH",28.3303472222222
"294",2017,9,"LZ_WEST",27.0117777777778
"295",2017,10,"HB_BUSAVG",23.5632795698925
"296",2017,10,"HB_HOUSTON",30.1412365591398
"297",2017,10,"HB_HUBAVG",24.7014516129032
"298",2017,10,"HB_NORTH",21.4059005376344
"299",2017,10,"HB_SOUTH",25.5636559139785
"300",2017,10,"HB_WEST",21.6938306451613
"301",2017,10,"LZ_AEN",24.0199059139785
"302",2017,10,"LZ_CPS",25.2759543010753
"303",2017,10,"LZ_HOUSTON",31.3393817204301
"304",2017,10,"LZ_LCRA",24.4842607526882
"305",2017,10,"LZ_NORTH",21.9384274193548
"306",2017,10,"LZ_RAYBN",21.3799327956989
"307",2017,10,"LZ_SOUTH",28.4640188172043
"308",2017,10,"LZ_WEST",22.1733198924731
"309",2017,11,"HB_BUSAVG",22.6774583333333
"310",2017,11,"HB_HOUSTON",26.0910555555556
"311",2017,11,"HB_HUBAVG",23.1671388888889
"312",2017,11,"HB_NORTH",21.5962083333333
"313",2017,11,"HB_SOUTH",23.9771805555556
"314",2017,11,"HB_WEST",21.0017916666667
"315",2017,11,"LZ_AEN",23.0194444444444
"316",2017,11,"LZ_CPS",23.5725694444444
"317",2017,11,"LZ_HOUSTON",26.339625
"318",2017,11,"LZ_LCRA",23.047125
"319",2017,11,"LZ_NORTH",22.2631666666667
"320",2017,11,"LZ_RAYBN",21.8291805555556
"321",2017,11,"LZ_SOUTH",27.8657222222222
"322",2017,11,"LZ_WEST",22.1529166666667
"323",2017,12,"HB_BUSAVG",21.1879569892473
"324",2017,12,"HB_HOUSTON",21.5490053763441
"325",2017,12,"HB_HUBAVG",21.2098521505376
"326",2017,12,"HB_NORTH",20.952997311828
"327",2017,12,"HB_SOUTH",21.9979166666667
"328",2017,12,"HB_WEST",20.3380376344086
"329",2017,12,"LZ_AEN",21.0629301075269
"330",2017,12,"LZ_CPS",22.048373655914
"331",2017,12,"LZ_HOUSTON",21.9797849462366
"332",2017,12,"LZ_LCRA",21.1176612903226
"333",2017,12,"LZ_NORTH",21.4081317204301
"334",2017,12,"LZ_RAYBN",21.3126075268817
"335",2017,12,"LZ_SOUTH",25.4042204301075
"336",2017,12,"LZ_WEST",21.8722580645161
"337",2018,1,"HB_BUSAVG",37.8696774193548
"338",2018,1,"HB_HOUSTON",37.9447849462366
"339",2018,1,"HB_HUBAVG",37.7730376344086
"340",2018,1,"HB_NORTH",37.5859005376344
"341",2018,1,"HB_SOUTH",39.4981451612903
"342",2018,1,"HB_WEST",36.0516397849462
"343",2018,1,"LZ_AEN",38.8379838709677
"344",2018,1,"LZ_CPS",41.312876344086
"345",2018,1,"LZ_HOUSTON",38.0449865591398
"346",2018,1,"LZ_LCRA",38.9925672043011
"347",2018,1,"LZ_NORTH",37.7285215053763
"348",2018,1,"LZ_RAYBN",39.3701478494624
"349",2018,1,"LZ_SOUTH",46.1325672043011
"350",2018,1,"LZ_WEST",37.2933064516129
"351",2018,2,"HB_BUSAVG",21.8543154761905
"352",2018,2,"HB_HOUSTON",22.1641071428571
"353",2018,2,"HB_HUBAVG",21.8300595238095
"354",2018,2,"HB_NORTH",21.7670238095238
"355",2018,2,"HB_SOUTH",22.3063988095238
"356",2018,2,"HB_WEST",21.0876041666667
"357",2018,2,"LZ_AEN",21.9138839285714
"358",2018,2,"LZ_CPS",22.5173958333333
"359",2018,2,"LZ_HOUSTON",22.3758482142857
"360",2018,2,"LZ_LCRA",21.7622470238095
"361",2018,2,"LZ_NORTH",21.8404613095238
"362",2018,2,"LZ_RAYBN",22.4031696428571
"363",2018,2,"LZ_SOUTH",25.1970386904762
"364",2018,2,"LZ_WEST",22.1241071428571
"365",2018,3,"HB_BUSAVG",22.5619784656797
"366",2018,3,"HB_HOUSTON",23.7825437415882
"367",2018,3,"HB_HUBAVG",22.4034320323015
"368",2018,3,"HB_NORTH",22.6080080753701
"369",2018,3,"HB_SOUTH",22.8884522207268
"370",2018,3,"HB_WEST",20.3336204576043
"371",2018,3,"LZ_AEN",22.2028263795424
"372",2018,3,"LZ_CPS",25.2892732166891
"373",2018,3,"LZ_HOUSTON",23.9334589502019
"374",2018,3,"LZ_LCRA",22.0513055181696
"375",2018,3,"LZ_NORTH",22.6405518169583
"376",2018,3,"LZ_RAYBN",23.8057065948856
"377",2018,3,"LZ_SOUTH",26.7599730820996
"378",2018,3,"LZ_WEST",22.3016285329744
"379",2018,4,"HB_BUSAVG",23.1429583333333
"380",2018,4,"HB_HOUSTON",24.6526944444444
"381",2018,4,"HB_HUBAVG",22.4503055555556
"382",2018,4,"HB_NORTH",23.5229166666667
"383",2018,4,"HB_SOUTH",24.4718888888889
"384",2018,4,"HB_WEST",17.156625
"385",2018,4,"LZ_AEN",22.1884861111111
"386",2018,4,"LZ_CPS",26.535375
"387",2018,4,"LZ_HOUSTON",24.7283472222222
"388",2018,4,"LZ_LCRA",22.6440277777778
"389",2018,4,"LZ_NORTH",24.3668888888889
"390",2018,4,"LZ_RAYBN",27.198875
"391",2018,4,"LZ_SOUTH",28.1869722222222
"392",2018,4,"LZ_WEST",21.128125
"393",2018,5,"HB_BUSAVG",34.0052419354839
"394",2018,5,"HB_HOUSTON",34.1475537634409
"395",2018,5,"HB_HUBAVG",32.8348521505376
"396",2018,5,"HB_NORTH",35.3061424731183
"397",2018,5,"HB_SOUTH",34.2260752688172
"398",2018,5,"HB_WEST",27.6920161290323
"399",2018,5,"LZ_AEN",33.1661693548387
"400",2018,5,"LZ_CPS",36.0555913978495
"401",2018,5,"LZ_HOUSTON",35.5330376344086
"402",2018,5,"LZ_LCRA",34.7354032258065
"403",2018,5,"LZ_NORTH",37.4518817204301
"404",2018,5,"LZ_RAYBN",40.95125
"405",2018,5,"LZ_SOUTH",41.2744220430108
"406",2018,5,"LZ_WEST",49.6001209677419
"407",2018,6,"HB_BUSAVG",29.966125
"408",2018,6,"HB_HOUSTON",30.6284861111111
"409",2018,6,"HB_HUBAVG",29.7818611111111
"410",2018,6,"HB_NORTH",30.2118888888889
"411",2018,6,"HB_SOUTH",30.0686388888889
"412",2018,6,"HB_WEST",28.2770277777778
"413",2018,6,"LZ_AEN",30.286125
"414",2018,6,"LZ_CPS",30.7272777777778
"415",2018,6,"LZ_HOUSTON",31.8023472222222
"416",2018,6,"LZ_LCRA",30.3655555555556
"417",2018,6,"LZ_NORTH",31.3016111111111
"418",2018,6,"LZ_RAYBN",31.9455833333333
"419",2018,6,"LZ_SOUTH",32.2586805555556
"420",2018,6,"LZ_WEST",57.9675277777778
"421",2018,7,"HB_BUSAVG",78.8594489247312
"422",2018,7,"HB_HOUSTON",79.0340456989247
"423",2018,7,"HB_HUBAVG",78.8323252688172
"424",2018,7,"HB_NORTH",78.9684543010753
"425",2018,7,"HB_SOUTH",78.8473790322581
"426",2018,7,"HB_WEST",78.5175537634409
"427",2018,7,"LZ_AEN",78.9513709677419
"428",2018,7,"LZ_CPS",79.124435483871
"429",2018,7,"LZ_HOUSTON",79.5665322580645
"430",2018,7,"LZ_LCRA",79.0699462365591
"431",2018,7,"LZ_NORTH",79.8461827956989
"432",2018,7,"LZ_RAYBN",84.9019086021505
"433",2018,7,"LZ_SOUTH",80.4475672043011
"434",2018,7,"LZ_WEST",101.470967741935
"435",2018,8,"HB_BUSAVG",31.6615591397849
"436",2018,8,"HB_HOUSTON",31.944247311828
"437",2018,8,"HB_HUBAVG",31.6945833333333
"438",2018,8,"HB_NORTH",31.6030510752688
"439",2018,8,"HB_SOUTH",31.6675268817204
"440",2018,8,"HB_WEST",31.5601209677419
"441",2018,8,"LZ_AEN",31.7321370967742
"442",2018,8,"LZ_CPS",31.865685483871
"443",2018,8,"LZ_HOUSTON",32.159623655914
"444",2018,8,"LZ_LCRA",31.8079704301075
"445",2018,8,"LZ_NORTH",31.9715860215054
"446",2018,8,"LZ_RAYBN",32.5187231182796
"447",2018,8,"LZ_SOUTH",33.6906317204301
"448",2018,8,"LZ_WEST",33.2898521505376
"449",2018,9,"HB_BUSAVG",27.1754444444444
"450",2018,9,"HB_HOUSTON",27.5813611111111
"451",2018,9,"HB_HUBAVG",27.0530277777778
"452",2018,9,"HB_NORTH",27.2996388888889
"453",2018,9,"HB_SOUTH",27.1898055555556
"454",2018,9,"HB_WEST",26.1395972222222
"455",2018,9,"LZ_AEN",27.1673055555556
"456",2018,9,"LZ_CPS",27.5129861111111
"457",2018,9,"LZ_HOUSTON",27.7224166666667
"458",2018,9,"LZ_LCRA",27.1872638888889
"459",2018,9,"LZ_NORTH",27.8858472222222
"460",2018,9,"LZ_RAYBN",27.6808888888889
"461",2018,9,"LZ_SOUTH",28.3837638888889
"462",2018,9,"LZ_WEST",27.1010972222222
"463",2018,10,"HB_BUSAVG",29.9578225806452
"464",2018,10,"HB_HOUSTON",30.981935483871
"465",2018,10,"HB_HUBAVG",29.8891129032258
"466",2018,10,"HB_NORTH",30.0341666666667
"467",2018,10,"HB_SOUTH",29.7725134408602
"468",2018,10,"HB_WEST",28.7613306451613
"469",2018,10,"LZ_AEN",30.31
"470",2018,10,"LZ_CPS",31.6359677419355
"471",2018,10,"LZ_HOUSTON",31.7811155913978
"472",2018,10,"LZ_LCRA",30.0698790322581
"473",2018,10,"LZ_NORTH",31.6454166666667
"474",2018,10,"LZ_RAYBN",30.6249596774194
"475",2018,10,"LZ_SOUTH",32.1269758064516
"476",2018,10,"LZ_WEST",30.0045564516129
"477",2018,11,"HB_BUSAVG",30.6445
"478",2018,11,"HB_HOUSTON",31.3192361111111
"479",2018,11,"HB_HUBAVG",30.2772083333333
"480",2018,11,"HB_NORTH",31.2348888888889
"481",2018,11,"HB_SOUTH",29.8371805555556
"482",2018,11,"HB_WEST",28.71525
"483",2018,11,"LZ_AEN",30.4680833333333
"484",2018,11,"LZ_CPS",32.0412083333333
"485",2018,11,"LZ_HOUSTON",31.7303333333333
"486",2018,11,"LZ_LCRA",30.5158055555556
"487",2018,11,"LZ_NORTH",31.974125
"488",2018,11,"LZ_RAYBN",33.4524444444444
"489",2018,11,"LZ_SOUTH",33.5444861111111
"490",2018,11,"LZ_WEST",31.2240277777778
"491",2018,12,"HB_BUSAVG",30.268185483871
"492",2018,12,"HB_HOUSTON",30.3335483870968
"493",2018,12,"HB_HUBAVG",30.1919892473118
"494",2018,12,"HB_NORTH",30.3982661290323
"495",2018,12,"HB_SOUTH",30.0893010752688
"496",2018,12,"HB_WEST",29.9440053763441
"497",2018,12,"LZ_AEN",30.0947580645161
"498",2018,12,"LZ_CPS",30.3092204301075
"499",2018,12,"LZ_HOUSTON",30.4620698924731
"500",2018,12,"LZ_LCRA",30.5826612903226
"501",2018,12,"LZ_NORTH",31.1319489247312
"502",2018,12,"LZ_RAYBN",31.5535349462366
"503",2018,12,"LZ_SOUTH",32.1127284946237
"504",2018,12,"LZ_WEST",34.9808467741936
"505",2019,1,"HB_BUSAVG",24.5925672043011
"506",2019,1,"HB_HOUSTON",25.4260349462366
"507",2019,1,"HB_HUBAVG",24.6834005376344
"508",2019,1,"HB_NORTH",24.3326344086021
"509",2019,1,"HB_SOUTH",25.086061827957
"510",2019,1,"HB_WEST",23.8815456989247
"511",2019,1,"LZ_AEN",25.1079569892473
"512",2019,1,"LZ_CPS",26.7983333333333
"513",2019,1,"LZ_HOUSTON",25.5500806451613
"514",2019,1,"LZ_LCRA",24.9363037634409
"515",2019,1,"LZ_NORTH",24.3678360215054
"516",2019,1,"LZ_RAYBN",24.4114919354839
"517",2019,1,"LZ_SOUTH",27.0579032258065
"518",2019,1,"LZ_WEST",27.4615322580645
"519",2019,2,"HB_BUSAVG",21.186369047619
"520",2019,2,"HB_HOUSTON",21.5078125
"521",2019,2,"HB_HUBAVG",21.2506398809524
"522",2019,2,"HB_NORTH",20.8649553571429
"523",2019,2,"HB_SOUTH",22.1256398809524
"524",2019,2,"HB_WEST",20.4911607142857
"525",2019,2,"LZ_AEN",21.5138095238095
"526",2019,2,"LZ_CPS",24.110119047619
"527",2019,2,"LZ_HOUSTON",21.644255952381
"528",2019,2,"LZ_LCRA",21.6669791666667
"529",2019,2,"LZ_NORTH",20.8511458333333
"530",2019,2,"LZ_RAYBN",21.0662797619048
"531",2019,2,"LZ_SOUTH",23.7289583333333
"532",2019,2,"LZ_WEST",22.7989583333333
"533",2019,3,"HB_BUSAVG",27.5657200538358
"534",2019,3,"HB_HOUSTON",27.8320323014805
"535",2019,3,"HB_HUBAVG",27.1890309555855
"536",2019,3,"HB_NORTH",28.1037146702557
"537",2019,3,"HB_SOUTH",27.1355585464334
"538",2019,3,"HB_WEST",25.6696769851952
"539",2019,3,"LZ_AEN",27.7421803499327
"540",2019,3,"LZ_CPS",29.3516958277254
"541",2019,3,"LZ_HOUSTON",28.0803230148048
"542",2019,3,"LZ_LCRA",27.6493135935397
"543",2019,3,"LZ_NORTH",28.5940376850606
"544",2019,3,"LZ_RAYBN",29.809798115747
"545",2019,3,"LZ_SOUTH",30.5294885598923
"546",2019,3,"LZ_WEST",31.2829609690444
"547",2019,4,"HB_BUSAVG",22.6131805555556
"548",2019,4,"HB_HOUSTON",23.8706527777778
"549",2019,4,"HB_HUBAVG",22.2211666666667
"550",2019,4,"HB_NORTH",22.9974027777778
"551",2019,4,"HB_PAN",16.5487666666667
"552",2019,4,"HB_SOUTH",22.4633333333333
"553",2019,4,"HB_WEST",19.551875
"554",2019,4,"LZ_AEN",23.2703472222222
"555",2019,4,"LZ_CPS",25.3635972222222
"556",2019,4,"LZ_HOUSTON",24.2645833333333
"557",2019,4,"LZ_LCRA",23.3147638888889
"558",2019,4,"LZ_NORTH",23.7184305555556
"559",2019,4,"LZ_RAYBN",24.9983055555556
"560",2019,4,"LZ_SOUTH",27.1478333333333
"561",2019,4,"LZ_WEST",21.6992361111111
"562",2019,5,"HB_BUSAVG",23.9599327956989
"563",2019,5,"HB_HOUSTON",24.7942741935484
"564",2019,5,"HB_HUBAVG",23.8837634408602
"565",2019,5,"HB_NORTH",23.9788844086022
"566",2019,5,"HB_PAN",16.4143279569892
"567",2019,5,"HB_SOUTH",24.0599462365591
"568",2019,5,"HB_WEST",22.7026612903226
"569",2019,5,"LZ_AEN",24.6762365591398
"570",2019,5,"LZ_CPS",26.2460752688172
"571",2019,5,"LZ_HOUSTON",25.1536155913978
"572",2019,5,"LZ_LCRA",24.5086827956989
"573",2019,5,"LZ_NORTH",24.0114516129032
"574",2019,5,"LZ_RAYBN",24.7881586021505
"575",2019,5,"LZ_SOUTH",27.2109946236559
"576",2019,5,"LZ_WEST",28.8519892473118
"577",2019,6,"HB_BUSAVG",25.0855416666667
"578",2019,6,"HB_HOUSTON",26.8976805555556
"579",2019,6,"HB_HUBAVG",25.1715416666667
"580",2019,6,"HB_NORTH",25.1758194444444
"581",2019,6,"HB_PAN",20.7313194444444
"582",2019,6,"HB_SOUTH",23.9043611111111
"583",2019,6,"HB_WEST",24.7085555555556
"584",2019,6,"LZ_AEN",24.4167916666667
"585",2019,6,"LZ_CPS",26.3912916666667
"586",2019,6,"LZ_HOUSTON",27.2267361111111
"587",2019,6,"LZ_LCRA",24.5195416666667
"588",2019,6,"LZ_NORTH",25.2079166666667
"589",2019,6,"LZ_RAYBN",25.4585138888889
"590",2019,6,"LZ_SOUTH",27.2595972222222
"591",2019,6,"LZ_WEST",32.0267777777778
"592",2019,7,"HB_BUSAVG",29.729623655914
"593",2019,7,"HB_HOUSTON",29.9110080645161
"594",2019,7,"HB_HUBAVG",29.6962365591398
"595",2019,7,"HB_NORTH",29.7812903225806
"596",2019,7,"HB_PAN",28.3845698924731
"597",2019,7,"HB_SOUTH",29.6375
"598",2019,7,"HB_WEST",29.4554704301075
"599",2019,7,"LZ_AEN",29.7090860215054
"600",2019,7,"LZ_CPS",30.6671774193548
"601",2019,7,"LZ_HOUSTON",30.013064516129
"602",2019,7,"LZ_LCRA",29.7479166666667
"603",2019,7,"LZ_NORTH",29.8349462365591
"604",2019,7,"LZ_RAYBN",30.0297177419355
"605",2019,7,"LZ_SOUTH",31.1321639784946
"606",2019,7,"LZ_WEST",32.075685483871
"607",2019,8,"HB_BUSAVG",126.384086021505
"608",2019,8,"HB_HOUSTON",126.625336021505
"609",2019,8,"HB_HUBAVG",126.349838709677
"610",2019,8,"HB_NORTH",126.52185483871
"611",2019,8,"HB_PAN",124.991733870968
"612",2019,8,"HB_SOUTH",125.936545698925
"613",2019,8,"HB_WEST",126.315282258065
"614",2019,8,"LZ_AEN",126.526922043011
"615",2019,8,"LZ_CPS",127.696209677419
"616",2019,8,"LZ_HOUSTON",126.693387096774
"617",2019,8,"LZ_LCRA",126.670766129032
"618",2019,8,"LZ_NORTH",126.600913978495
"619",2019,8,"LZ_RAYBN",126.897889784946
"620",2019,8,"LZ_SOUTH",127.109018817204
"621",2019,8,"LZ_WEST",128.876465053763
"622",2019,9,"HB_BUSAVG",79.615625
"623",2019,9,"HB_HOUSTON",80.5876527777778
"624",2019,9,"HB_HUBAVG",79.4591944444444
"625",2019,9,"HB_NORTH",79.9195833333333
"626",2019,9,"HB_PAN",72.8532916666667
"627",2019,9,"HB_SOUTH",78.9004722222222
"628",2019,9,"HB_WEST",78.42925
"629",2019,9,"LZ_AEN",80.1695972222222
"630",2019,9,"LZ_CPS",82.4363472222222
"631",2019,9,"LZ_HOUSTON",80.7792916666667
"632",2019,9,"LZ_LCRA",82.4672361111111
"633",2019,9,"LZ_NORTH",80.7741527777778
"634",2019,9,"LZ_RAYBN",80.6986388888889
"635",2019,9,"LZ_SOUTH",81.0091111111111
"636",2019,9,"LZ_WEST",83.4711388888889
"637",2019,10,"HB_BUSAVG",28.2470564516129
"638",2019,10,"HB_HOUSTON",30.3936021505376
"639",2019,10,"HB_HUBAVG",28.1317607526882
"640",2019,10,"HB_NORTH",27.9959677419355
"641",2019,10,"HB_PAN",18.7167607526882
"642",2019,10,"HB_SOUTH",29.4684005376344
"643",2019,10,"HB_WEST",24.6681317204301
"644",2019,10,"LZ_AEN",29.2804435483871
"645",2019,10,"LZ_CPS",33.5536021505376
"646",2019,10,"LZ_HOUSTON",30.6423790322581
"647",2019,10,"LZ_LCRA",29.0158064516129
"648",2019,10,"LZ_NORTH",28.7329435483871
"649",2019,10,"LZ_RAYBN",28.5543817204301
"650",2019,10,"LZ_SOUTH",32.9421102150538
"651",2019,10,"LZ_WEST",49.3833602150538
"652",2019,11,"HB_BUSAVG",23.468375
"653",2019,11,"HB_HOUSTON",24.0215
"654",2019,11,"HB_HUBAVG",23.2572361111111
"655",2019,11,"HB_NORTH",23.6286111111111
"656",2019,11,"HB_PAN",11.6612916666667
"657",2019,11,"HB_SOUTH",23.7185555555556
"658",2019,11,"HB_WEST",21.6602638888889
"659",2019,11,"LZ_AEN",24.4080138888889
"660",2019,11,"LZ_CPS",25.5751388888889
"661",2019,11,"LZ_HOUSTON",24.1816111111111
"662",2019,11,"LZ_LCRA",24.4852222222222
"663",2019,11,"LZ_NORTH",24.1536111111111
"664",2019,11,"LZ_RAYBN",24.5175694444444
"665",2019,11,"LZ_SOUTH",25.8037083333333
"666",2019,11,"LZ_WEST",49.3408472222222
"667",2019,12,"HB_BUSAVG",18.7150806451613
"668",2019,12,"HB_HOUSTON",18.6725
"669",2019,12,"HB_HUBAVG",18.623373655914
"670",2019,12,"HB_NORTH",18.7319892473118
"671",2019,12,"HB_PAN",8.81724462365591
"672",2019,12,"HB_SOUTH",18.9525134408602
"673",2019,12,"HB_WEST",18.1364247311828
"674",2019,12,"LZ_AEN",19.0517069892473
"675",2019,12,"LZ_CPS",19.9978629032258
"676",2019,12,"LZ_HOUSTON",18.9198521505376
"677",2019,12,"LZ_LCRA",19.4568817204301
"678",2019,12,"LZ_NORTH",19.0068010752688
"679",2019,12,"LZ_RAYBN",19.0850672043011
"680",2019,12,"LZ_SOUTH",19.7868817204301
"681",2019,12,"LZ_WEST",39.5025940860215
